ID,Name,Surname,Gender,Email,Login,Password,User Type1,Jerzy,Mardaus,male,jerzy.mardaus@codecool.com,jerzy.mardaus@codecool.com,password,manager2,Miriam,Codecool,female,miriam@codecool.com,miriam@codecool.com,password,employee3,Kati,Codecool,female,kati@codecool.com,kati@codecool.com,password,employee4,Pawel,Polakiewicz,male,pawelp@codecool.com,pawelp@codecool.com,password,student5,Ika,Grabon,female,ika@codecool.com,ika@codecool.com,password,student6,Marta,Sajdak ,female,marta@codecool.com,marta@codecool.com,password,student7,Joanna,Gargas,female,"joanna@codecool.co""joanna@codecool.com""","joanna@codecool.co""joanna@codecool.com""",password,student8,Pawel,Lasota,male,pawell@codecool.com,pawell@codecool.com,password,student9,Maria,Steinmec,female,marias@codecool.com,marias@codecool.com,password,student10,Anna,Matras,female,annam@codecool.com,annam@codecool.com,password,student11,Rafal,Stepien,male,rafals@codecool.com,rafals@codecool.com,password,mentor12,Mateusz,Ostafil,male,mateuszo@codecool.com,mateuszo@codecool.com,password,mentor13,Marcin,Izworski,male,marcini@codecool.com,marcini@codecool.com,password,mentor14,Przemek,Ciacka,male,przemekc@codecool.com,przemekc@codecool.com,password,mentor