Pawel;Polakiewicz;male;1991;pawel@codecool.com;pawel@codecool.com;password
Ika;Grabon;female;1987;ika@codecool.com;ika@codecool.com;password
Marek ;Frankiewicz;male;1990;marek@codecool.com;marek@codecool.com;password
Marta;Sajdak;female;1992;marta@codecool.com;marta@codecool.com;password
Joanna;Gargas;female;1985;joanna@codecoll.com;joanna@codecoll.com;password
michal;grabin;male;1986-12-12;pddp@wp.pl;michal;grabon
anna;matras;female;1989-12-08;ania@gmail.com;ania;password
